{
    "index": 7,
    "start": 676.4199829101562,
    "end": 756.4199829101562
}