{
    "index": 8,
    "start": 819.4199829101562,
    "end": 865.4199829101562
}